cityCode,areaCode
0110100,101
0110200,101
0110300,101
0110400,101
0110500,101
0110600,101
0110700,101
0110800,101
0110900,101
0111000,101
0120600,161
0120800,141
0123300,145
0134600,105
0148400,130
0160100,150
0410100,222
0410200,222
0410300,222
0410400,222
0410500,222
0421300,220
0421500,220
0442100,222
0520100,231
0521000,231
0620300,240
0620400,240
0720300,250
0734400,250
1110100,331
1110200,331
1110300,331
1110400,331
1110500,331
1110600,331
1110700,331
1110800,331
1110900,331
1111000,331
1210100,341
1210200,341
1210300,341
1210400,341
1210500,341
1210600,341
1410100,360
1410200,360
1410300,360
1410400,360
1410500,360
1410600,360
1410700,360
1410800,360
1410900,360
1411000,360
1411100,360
1411200,360
1411300,360
1411400,360
1411500,360
1411600,360
1411700,360
1411800,360
1413100,360
1413200,360
1413300,360
1413400,360
1413500,360
1413600,360
1413700,360
1415100,361
1415200,361
1415300,361
1510100,372
1510200,372
1510300,372
1510400,372
1510500,372
1510600,372
1510700,372
1510800,372
1620100,380
2020100,420
2020200,421
2020500,422
2020900,422
2021500,421
2210100,442
2210200,442
2210300,442
2310100,451
2310200,451
2310300,451
2310400,451
2310500,451
2310600,451
2310700,451
2310800,451
2310900,451
2311000,451
2311100,451
2311200,451
2311300,451
2311400,451
2311500,451
2311600,451
2321100,451
2420100,461
2420400,461
2520100,501
2620100,510
2621200,510
2621300,511
2621400,511
2640700,511
2646500,510
2710200,520
2710300,520
2710400,520
2710600,520
2710700,520
2710800,520
2710900,520
2711100,520
2711300,520
2711400,520
2711500,520
2711600,520
2711700,520
2711800,520
2711900,520
2712000,520
2712100,520
2712200,520
2712300,520
2712400,520
2712500,520
2712600,520
2712700,520
2712800,520
2714100,521
2714200,521
2714300,521
2714400,521
2714500,521
2714600,521
2714700,521
2810100,531
2810200,531
2810500,531
2810600,531
2810700,531
2810800,531
2810900,531
2811000,531
2811100,531
2920700,540
3020600,551
3120100,560
3139000,563
3310100,581
3310200,581
3310300,581
3310400,581
3410100,592
3410200,592
3410300,592
3410400,592
3410500,592
3410600,592
3410700,592
3410800,592
3620500,600
3620600,600
3620700,600
3620800,600
3636800,601
3638700,601
3638800,601
3646800,600
3648900,600
4010100,711
4010300,711
4010500,711
4010600,711
4010700,711
4010800,711
4010900,711
4013100,710
4013200,710
4013300,710
4013400,710
4013500,710
4013600,710
4013700,710
4220900,735
4221200,731
4310100,741
4310200,741
4310300,741
4310400,741
4310500,741
4320200,741
4321500,743
4344700,741
4735700,803
4735800,803
0120200,106
0120300,115
0120400,126
0120500,146
0120700,156
0120900,122
0121000,122
0121100,140
0121200,131
0121300,146
0121400,135
0121500,122
0121600,121
0121700,101
0121800,121
0121900,142
0122000,125
0122100,125
0122200,122
0122300,167
0122400,102
0122500,121
0122600,121
0122700,121
0122800,120
0122900,127
0123000,146
0123100,102
0123400,102
0123500,100
0123600,106
0130300,100
0130400,100
0133100,107
0133200,107
0133300,107
0133400,107
0133700,106
0134300,106
0134500,106
0134700,105
0136100,110
0136200,110
0136300,110
0136400,110
0136700,119
0137000,110
0137100,110
0139100,117
0139200,117
0139300,117
0139400,117
0139500,116
0139600,116
0139700,116
0139800,116
0139900,116
0140000,116
0140100,117
0140200,117
0140300,117
0140400,117
0140500,115
0140600,115
0140700,115
0140800,115
0140900,115
0142300,122
0142400,121
0142500,121
0142700,122
0142800,122
0142900,122
0143000,122
0143100,121
0143200,121
0143300,120
0143400,120
0143600,121
0143700,120
0143800,120
0145200,126
0145300,126
0145400,126
0145500,126
0145600,126
0145700,126
0145800,126
0145900,126
0146000,127
0146100,127
0146200,127
0146300,127
0146400,125
0146500,125
0146800,125
0146900,125
0147000,125
0147100,125
0147200,125
0148100,131
0148200,131
0148300,130
0148500,130
0148600,130
0148700,130
0151100,135
0151200,136
0151300,136
0151400,136
0151600,135
0151700,139
0151800,139
0151900,139
0152000,135
0154300,140
0154400,140
0154500,140
0154600,140
0154700,140
0154900,141
0155000,141
0155200,141
0155500,142
0155900,142
0156000,142
0156100,142
0156200,142
0156300,142
0156400,140
0157100,145
0157500,145
0157800,146
0158100,146
0158400,145
0158500,146
0158600,146
0160200,150
0160400,151
0160700,152
0160800,152
0160900,152
0161000,151
0163100,156
0163200,156
0163300,155
0163400,155
0163500,155
0163600,156
0163700,156
0163800,156
0163900,157
0164100,157
0164200,157
0164300,156
0164400,156
0164500,156
0164600,156
0164700,155
0164800,155
0164900,156
0166100,161
0166200,161
0166300,161
0166400,161
0166500,160
0166700,161
0166800,161
0169100,166
0169200,165
0169300,165
0169400,140
0220100,200
0220200,201
0220300,202
0220400,201
0220500,200
0220600,202
0220700,202
0220800,203
0220900,200
0221000,201
0230100,200
0230300,200
0230400,200
0230700,200
0232100,201
0232300,201
0234300,201
0236100,201
0236200,201
0236700,201
0238100,200
0238400,200
0238700,200
0240100,202
0240200,202
0240500,202
0240600,202
0240800,202
0241100,202
0241200,202
0242300,203
0242400,203
0242500,203
0242600,203
0244100,202
0244200,202
0244300,202
0244500,202
0244600,202
0245000,202
0320100,212
0320200,210
0320300,211
0320500,213
0320600,213
0320700,210
0320800,213
0320900,213
0321000,211
0321100,211
0321300,212
0321400,212
0321500,213
0321600,212
0330100,212
0330200,212
0330300,212
0332100,212
0332200,212
0336600,213
0338100,213
0340200,213
0344100,211
0346100,211
0348200,210
0348300,210
0348400,210
0348500,210
0350100,212
0350300,210
0350600,212
0350700,210
0352400,212
0420200,222
0420300,222
0420500,220
0420600,221
0420700,221
0420800,221
0420900,222
0421100,221
0421200,220
0421400,222
0421600,222
0430100,221
0430200,221
0432100,221
0432200,221
0432300,221
0432400,221
0434100,221
0436100,221
0436200,221
0440100,222
0440400,222
0440600,222
0442200,222
0442400,222
0444400,220
0444500,220
0450100,220
0450500,220
0458100,222
0460600,220
0520200,230
0520300,233
0520400,232
0520600,230
0520700,233
0520900,232
0521100,230
0521200,233
0521300,232
0521400,231
0521500,233
0530300,232
0532700,232
0534600,230
0534800,230
0534900,230
0536100,230
0536300,230
0536600,230
0536800,230
0543400,233
0546300,233
0546400,233
0620100,242
0620200,243
0620500,241
0620600,242
0620700,242
0620800,242
0620900,243
0621000,242
0621100,242
0621200,242
0621300,243
0630100,242
0630200,242
0632100,242
0632200,242
0632300,242
0632400,242
0634100,242
0636100,241
0636200,241
0636300,241
0636400,241
0636500,241
0636600,241
0636700,241
0638100,243
0638200,243
0640100,243
0640200,243
0640300,243
0642600,240
0642800,240
0646100,240
0720100,250
0720200,252
0720400,251
0720500,250
0720700,250
0720800,252
0720900,251
0721000,250
0721100,250
0721200,251
0721300,250
0721400,250
0730100,250
0730300,250
0730800,250
0732200,250
0734200,250
0736200,252
0736400,252
0736700,252
0736800,252
0740200,252
0740500,252
0740700,252
0740800,252
0742100,252
0742200,252
0742300,252
0744400,252
0744500,252
0744600,252
0744700,252
0746100,250
0746400,250
0746500,250
0746600,250
0748100,250
0748200,250
0748300,250
0748400,250
0750100,250
0750200,250
0750300,250
0750400,250
0750500,250
0752100,250
0752200,250
0754100,251
0754200,251
0754300,251
0754400,251
0754500,251
0754600,251
0754700,251
0754800,251
0756100,251
0756400,251
0820100,300
0820200,300
0820300,301
0820400,301
0820500,301
0820700,301
0820800,301
0821000,301
0821100,301
0821200,300
0821400,300
0821500,300
0821600,300
0821700,301
0821900,301
0822000,301
0822100,300
0822200,301
0822300,301
0822400,301
0822500,300
0822600,300
0822700,301
0822800,301
0822900,301
0823000,301
0823100,301
0823200,301
0823300,301
0823400,301
0823500,301
0823600,300
0830200,300
0830900,300
0831000,300
0834100,300
0836400,300
0844200,301
0844300,301
0844700,301
0852100,301
0854200,301
0854600,301
0856400,301
0920100,311
0920200,311
0920300,311
0920400,311
0920500,311
0920600,310
0920800,311
0920900,311
0921000,310
0921100,310
0921300,310
0921400,311
0921500,311
0921600,311
0930100,311
0934200,311
0934300,311
0934400,311
0934500,311
0936100,311
0936400,311
0938400,310
0938600,311
0940700,310
0941100,311
1020100,321
1020200,321
1020300,321
1020400,321
1020500,321
1020600,320
1020700,321
1020800,321
1020900,321
1021000,321
1021100,321
1021200,321
1034400,321
1034500,321
1036600,321
1036700,321
1038200,321
1038300,321
1038400,321
1042100,320
1042400,320
1042500,320
1042600,320
1042800,320
1042900,320
1044300,320
1044400,320
1044800,320
1044900,320
1046400,321
1052100,321
1052200,321
1052300,321
1052400,321
1052500,321
1120100,331
1120200,330
1120300,331
1120600,330
1120700,332
1120800,331
1120900,331
1121000,330
1121100,330
1121200,330
1121400,331
1121500,331
1121600,330
1121700,330
1121800,330
1121900,331
1122100,331
1122200,331
1122300,331
1122400,331
1122500,331
1122700,331
1122800,331
1122900,331
1123000,331
1123100,331
1123200,330
1123300,331
1123400,331
1123500,331
1123700,331
1123800,331
1123900,331
1124000,331
1124100,331
1124200,331
1124300,331
1124500,331
1124600,331
1130100,331
1132400,331
1132600,331
1132700,331
1134100,330
1134200,330
1134300,330
1134600,331
1134700,330
1134800,330
1134900,330
1136100,332
1136200,332
1136300,332
1136500,332
1136900,330
1138100,330
1138300,321
1138500,330
1140800,330
1144200,331
1146400,331
1146500,331
1220200,340
1220300,341
1220400,341
1220500,342
1220600,342
1220700,341
1220800,341
1221000,340
1221100,341
1221200,341
1221300,340
1221500,340
1221600,341
1221700,341
1221800,342
1221900,341
1222000,341
1222100,341
1222200,341
1222300,342
1222400,341
1222500,342
1222600,342
1222700,341
1222800,341
1222900,342
1223000,341
1223100,341
1223200,341
1223300,341
1223400,342
1223500,340
1223600,340
1223700,340
1223800,342
1223900,340
1232200,341
1232900,341
1234200,340
1234700,340
1234900,340
1240300,340
1240900,340
1241000,340
1242100,340
1242200,340
1242300,340
1242400,340
1242600,340
1242700,340
1244100,342
1244300,342
1246300,342
1310400,350
1310500,350
1310600,350
1310700,350
1310900,350
1311000,350
1311200,350
1311300,350
1311400,350
1311500,350
1311600,350
1311700,350
1311800,350
1311900,350
1312000,350
1312100,350
1312200,350
1312300,350
1320100,351
1320200,351
1320300,351
1320400,351
1320500,352
1320600,351
1320700,351
1320800,351
1320900,351
1321000,351
1321100,351
1321200,351
1321300,351
1321400,351
1321500,351
1321800,351
1321900,351
1322000,351
1322100,351
1322200,351
1322300,351
1322400,351
1322500,351
1322700,351
1322800,352
1322900,351
1330300,351
1330500,352
1330700,352
1330800,352
1336100,355
1336200,356
1336300,356
1336400,354
1338100,357
1338200,357
1340100,358
1340200,358
1342100,359
1420100,360
1420300,360
1420400,360
1420500,360
1420600,361
1420700,360
1420800,360
1421000,360
1421100,361
1421200,361
1421300,360
1421400,361
1421500,360
1421600,360
1421700,361
1421800,360
1430100,360
1432100,360
1434100,360
1434200,360
1436100,361
1436200,361
1436300,361
1436400,361
1436600,361
1438200,361
1438300,361
1438400,361
1440100,361
1440200,361
1520200,371
1520400,371
1520500,371
1520600,372
1520800,371
1520900,371
1521000,371
1521100,371
1521200,372
1521300,372
1521600,370
1521700,370
1521800,372
1522200,370
1522300,372
1522400,375
1522500,371
1522600,371
1522700,372
1530700,372
1534200,372
1536100,371
1538500,372
1540500,371
1546100,371
1548200,371
1550400,371
1558100,372
1558600,372
1620200,381
1620400,380
1620500,381
1620600,380
1620700,380
1620800,381
1620900,381
1621000,381
1621100,381
1632100,380
1632200,380
1632300,380
1634200,380
1634300,380
1720100,391
1720200,390
1720300,391
1720400,390
1720500,390
1720600,391
1720700,390
1720900,391
1721000,391
1721100,391
1721200,391
1732400,391
1736100,391
1736500,391
1738400,390
1738600,390
1740700,390
1746100,390
1746300,390
1820100,400
1820200,401
1820400,401
1820500,400
1820600,400
1820700,400
1820800,400
1820900,400
1821000,400
1832200,400
1838200,400
1840400,400
1842300,400
1844200,401
1848100,401
1848300,401
1850100,401
1920100,411
1920200,412
1920400,412
1920500,411
1920600,412
1920700,411
1920800,411
1920900,411
1921000,411
1921100,411
1921200,412
1921300,411
1921400,411
1934600,411
1936400,411
1936500,411
1936600,411
1936800,411
1938400,411
1942200,412
1942300,412
1942400,412
1942500,412
1942900,412
1943000,412
1944200,412
1944300,412
2020300,421
2020400,421
2020600,421
2020700,420
2020800,421
2021000,422
2021100,420
2021200,420
2021300,420
2021400,421
2021700,421
2021800,420
2021900,421
2022000,421
2030300,421
2030400,421
2030500,421
2030600,421
2030700,421
2030900,421
2032100,421
2032300,421
2032400,421
2034900,421
2035000,421
2036100,421
2036200,411
2036300,421
2038200,422
2038300,422
2038400,422
2038500,422
2038600,422
2038800,422
2040200,422
2040300,422
2040400,422
2040700,422
2040900,422
2041000,422
2041100,422
2041200,422
2041300,422
2041400,422
2041500,422
2041600,422
2041700,422
2042200,422
2042300,422
2042500,422
2042900,422
2043000,422
2043200,422
2044600,421
2044800,421
2045000,421
2045100,421
2045200,421
2048100,420
2048200,420
2048500,420
2048600,420
2052100,420
2054100,420
2054300,420
2056100,420
2056200,420
2056300,420
2058300,420
2058800,420
2059000,420
2060200,420
2120100,432
2120200,432
2120300,430
2120400,431
2120500,432
2120600,431
2120700,432
2120800,431
2120900,432
2121000,431
2121100,431
2121200,431
2121300,432
2121400,431
2121500,432
2121600,432
2121700,430
2121800,432
2121900,432
2122000,430
2122100,432
2130200,432
2130300,432
2134100,432
2136100,432
2136200,432
2138100,432
2138200,432
2138300,432
2140100,432
2140300,432
2140400,432
2142100,432
2150100,431
2150200,431
2150300,431
2150400,431
2150500,431
2150600,431
2150700,431
2152100,431
2160400,430
2220300,441
2220500,440
2220600,441
2220700,441
2220800,440
2220900,442
2221000,441
2221100,443
2221200,442
2221300,443
2221400,442
2221500,441
2221600,443
2221900,440
2222000,441
2222100,443
2222200,440
2222300,443
2222400,443
2222500,440
2222600,442
2230100,440
2230200,440
2230400,440
2230500,440
2230600,440
2232500,440
2234100,441
2234200,441
2234400,441
2242400,442
2242900,442
2246100,443
2320100,450
2320200,451
2320300,451
2320400,451
2320500,451
2320600,451
2320700,450
2320800,451
2320900,451
2321000,451
2321200,451
2321300,451
2321400,450
2321500,451
2321600,451
2321700,451
2321900,451
2322000,451
2322100,450
2322200,451
2322300,451
2322400,451
2322500,451
2322600,451
2322700,451
2322800,451
2322900,451
2323000,451
2323100,450
2323200,451
2323300,451
2323400,451
2323500,451
2323600,451
2323700,451
2323800,451
2330200,451
2334200,451
2336100,451
2336200,451
2342400,451
2342500,451
2342700,451
2344100,451
2344200,451
2344500,451
2344600,451
2344700,451
2350100,451
2356100,450
2356200,450
2356300,450
2420200,460
2420300,462
2420500,460
2420700,460
2420800,461
2420900,462
2421000,460
2421100,462
2421200,462
2421400,460
2421500,462
2421600,461
2430300,460
2432400,460
2434100,460
2434300,460
2434400,460
2444100,461
2444200,461
2444300,462
2446100,462
2447000,462
2447100,462
2447200,462
2454300,462
2456100,462
2456200,462
2520200,500
2520300,500
2520400,501
2520600,501
2520700,501
2520800,501
2520900,501
2521000,501
2521100,501
2521200,500
2521300,501
2521400,500
2538300,501
2538400,501
2542500,500
2544100,500
2544200,500
2544300,500
2610100,511
2610200,511
2610300,511
2610400,511
2610500,511
2610600,511
2610700,511
2610800,511
2610900,511
2611000,511
2611100,511
2620200,510
2620300,510
2620400,511
2620500,510
2620600,511
2620700,511
2620800,511
2620900,511
2621000,511
2621100,511
2630300,511
2632200,511
2634300,511
2634400,511
2636400,511
2636500,511
2636600,511
2636700,511
2646300,510
2720200,521
2720300,520
2720400,520
2720500,520
2720600,521
2720700,520
2720800,521
2720900,520
2721000,520
2721100,520
2721200,520
2721300,521
2721400,521
2721500,520
2721600,521
2721700,521
2721800,520
2721900,521
2722000,520
2722100,520
2722200,521
2722300,520
2722400,520
2722500,521
2722600,521
2722700,520
2722800,521
2722900,520
2723000,520
2723100,521
2723200,521
2730100,520
2732100,520
2732200,520
2734100,521
2736100,521
2736200,521
2736600,521
2738100,521
2738200,521
2738300,521
2820100,532
2820200,531
2820300,531
2820400,531
2820500,535
2820600,531
2820700,531
2820800,532
2820900,530
2821000,531
2821200,532
2821300,531
2821400,531
2821500,531
2821600,531
2821700,531
2821800,531
2821900,531
2822000,531
2822100,531
2822200,530
2822300,531
2822400,535
2822500,530
2822600,535
2822700,532
2822800,531
2822900,532
2830100,531
2836500,531
2838100,531
2838200,531
2844200,532
2844300,532
2844600,532
2846400,532
2848100,532
2850100,532
2858500,530
2858600,530
2920100,540
2920200,540
2920300,540
2920400,540
2920500,540
2920600,540
2920800,540
2920900,540
2921000,540
2921100,540
2921200,540
2932200,540
2934200,540
2934300,540
2934400,540
2934500,540
2936100,540
2936200,540
2936300,540
2938500,540
2938600,540
2940100,540
2940200,540
2942400,540
2942500,540
2942600,540
2942700,540
2944100,540
2944200,540
2944300,540
2944400,540
2944600,540
2944700,540
2944900,540
2945000,540
2945100,540
2945200,540
2945300,540
3020100,550
3020200,550
3020300,550
3020400,550
3020500,550
3020700,551
3020800,550
3020900,550
3030400,550
3034100,550
3034300,550
3034400,550
3036100,550
3036200,550
3036600,550
3038100,550
3038200,550
3038300,550
3039000,550
3039100,550
3039200,550
3040100,551
3040400,551
3040600,551
3042100,551
3042200,551
3042400,551
3042700,551
3042800,551
3120200,563
3120300,562
3120400,563
3130200,560
3132500,560
3132800,560
3132900,560
3136400,562
3137000,562
3137100,562
3137200,562
3138400,563
3138600,563
3138900,563
3140100,563
3140200,563
3140300,563
3220100,570
3220200,571
3220300,570
3220400,571
3220500,571
3220600,570
3220700,571
3220900,570
3234300,570
3238600,570
3244100,571
3244800,571
3244900,571
3250100,571
3250500,571
3252500,575
3252600,575
3252700,575
3252800,575
3320200,581
3320300,580
3320400,581
3320500,581
3320700,581
3320800,581
3320900,581
3321000,580
3321100,581
3321200,581
3321300,581
3321400,580
3321500,580
3321600,581
3334600,581
3342300,581
3344500,581
3346100,581
3358600,580
3360600,580
3362200,580
3362300,580
3364300,580
3366300,580
3366600,580
3368100,581
3420200,592
3420300,592
3420400,591
3420500,591
3420700,591
3420800,591
3420900,590
3421000,590
3421100,592
3421200,592
3421300,592
3421400,590
3421500,592
3430200,592
3430400,592
3430700,592
3430900,592
3436800,590
3436900,590
3443100,592
3446200,591
3454500,591
3520100,702
3520200,702
3520300,704
3520400,700
3520600,704
3520700,704
3520800,703
3521000,703
3521100,700
3521200,703
3521300,700
3521500,704
3521600,702
3530500,703
3532100,703
3534100,703
3534300,703
3534400,703
3550200,700
3620100,600
3620200,600
3620300,600
3620400,601
3630100,601
3630200,601
3632100,600
3634100,600
3634200,600
3640100,600
3640200,600
3640300,600
3640400,600
3640500,600
3720100,610
3720200,611
3720300,611
3720400,611
3720500,611
3720600,610
3720700,610
3720800,611
3732200,610
3732400,610
3734100,610
3736400,610
3738600,611
3738700,611
3740300,611
3740400,611
3740600,611
3820100,621
3820200,620
3820300,622
3820400,622
3820500,620
3820600,620
3820700,622
3821000,621
3821300,620
3821400,622
3821500,621
3835600,620
3838600,621
3840100,621
3840200,621
3842200,622
3844200,622
3848400,622
3848800,622
3850600,622
3920100,631
3920200,630
3920300,630
3920400,631
3920500,631
3920600,631
3920800,632
3920900,632
3921000,632
3921100,631
3921200,631
3930100,630
3930200,630
3930300,630
3930400,630
3930500,630
3930600,630
3930700,630
3934100,631
3934400,631
3936300,631
3936400,631
3938600,631
3938700,631
3940100,632
3940200,631
3940300,631
3940500,632
3941000,631
3941100,632
3941200,632
3942400,632
3942700,632
3942800,632
4020200,713
4020300,713
4020400,712
4020500,712
4020600,712
4020700,713
4021000,713
4021100,713
4021200,713
4021300,711
4021400,711
4021500,711
4021600,713
4021700,710
4021800,710
4021900,710
4022000,710
4022100,710
4022300,710
4022400,710
4022500,713
4022600,712
4022700,712
4022800,713
4022900,713
4023000,710
4023100,710
4034100,710
4034200,710
4034300,710
4034400,710
4034500,710
4034800,710
4034900,710
4038100,711
4038200,711
4038300,711
4038400,711
4040100,712
4040200,712
4042100,712
4044700,713
4044800,713
4050300,713
4052200,713
4054400,713
4060100,712
4060200,712
4060400,712
4060500,712
4060800,712
4060900,712
4061000,712
4062100,711
4062500,711
4064200,711
4064600,711
4064700,711
4120100,721
4120200,720
4120300,721
4120400,721
4120500,720
4120600,721
4120700,721
4120800,721
4120900,721
4121000,721
4132700,721
4134100,721
4134500,721
4134600,721
4138700,720
4140100,720
4142300,721
4142400,721
4142500,721
4144100,721
4220100,731
4220300,732
4220400,731
4220700,730
4220800,730
4221000,736
4221100,737
4221300,732
4221400,732
4230700,731
4230800,731
4232100,730
4232200,730
4232300,730
4238300,737
4239100,730
4241100,737
4320300,742
4320400,741
4320500,743
4320600,741
4320800,741
4321000,741
4321100,741
4321200,743
4321300,741
4321400,740
4321600,741
4334800,741
4336400,741
4336700,741
4336800,741
4336900,741
4340300,741
4340400,741
4342300,740
4342400,740
4342500,740
4342800,740
4343200,741
4343300,740
4344100,741
4344200,741
4344300,741
4344400,741
4346800,741
4348200,743
4348400,743
4350100,742
4350500,742
4350600,742
4350700,742
4351000,742
4351100,742
4351200,742
4351300,742
4351400,742
4353100,743
4420100,751
4420200,751
4420300,750
4420400,753
4420500,752
4420600,751
4420700,751
4420800,753
4420900,750
4421000,751
4421100,750
4421200,752
4421300,751
4421400,750
4432200,750
4434100,751
4446100,753
4446200,753
4520100,762
4520200,763
4520300,760
4520400,762
4520500,763
4520600,760
4520700,762
4520800,760
4520900,763
4534100,763
4536100,763
4538200,762
4538300,762
4540100,760
4540200,760
4540300,761
4540400,760
4540500,760
4540600,760
4542100,760
4542900,761
4543000,761
4543100,761
4544100,761
4544200,761
4544300,761
4620100,770
4620300,771
4620400,770
4620600,770
4620800,770
4621000,770
4621300,776
4621400,771
4621600,770
4621700,771
4621800,770
4621900,770
4622000,770
4622100,771
4622200,778
4622300,770
4622400,770
4622500,770
4630300,776
4630400,774
4639200,770
4640400,770
4645200,770
4646800,771
4648200,771
4649000,771
4649100,771
4649200,771
4650100,776
4650200,776
4650500,777
4652300,778
4652400,778
4652500,778
4652700,778
4652900,778
4653000,779
4653100,779
4653200,779
4653300,779
4653400,779
4653500,779
4720100,801
4720500,801
4720700,805
4720800,801
4720900,800
4721000,801
4721100,801
4721200,801
4721300,801
4721400,804
4721500,801
4730100,800
4730200,800
4730300,800
4730600,800
4730800,800
4731100,800
4731300,800
4731400,800
4731500,800
4732400,801
4732500,801
4732600,801
4732700,801
4732800,801
4732900,801
4734800,801
4735000,801
4735300,801
4735400,801
4735500,800
4735600,801
4735900,800
4736000,800
4736100,802
4736200,801
4737500,804
4738100,807
4738200,806
3638300,601
4220202,737
4220201,730
4621502,775
4621501,770
4220500,731
2213800,443
2213900,443
2214000,443
1310100,350
1310200,350
1310300,350
1310800,350
1311100,350
